{
    "metrics": {
        "vus_max": {
            "max": 10,
            "value": 10,
            "min": 10
        },
        "data_received": {
            "count": 160012,
            "rate": 5233.387523613563
        },
        "iteration_duration": {
            "avg": 1124.067973417721,
            "min": 1055.4554,
            "med": 1091.7502,
            "max": 1679.9096,
            "p(90)": 1196.7392,
            "p(95)": 1269.6358800000003
        },
        "http_req_duration{expected_response:true}": {
            "p(95)": 196.225565,
            "avg": 105.30043924050636,
            "min": 54.9392,
            "med": 87.73965,
            "max": 509.2522,
            "p(90)": 168.07876000000007
        },
        "http_req_failed": {
            "passes": 0,
            "fails": 158,
            "value": 0
        },
        "http_req_receiving": {
            "p(95)": 0.994935,
            "avg": 0.27714556962025316,
            "min": 0,
            "med": 0,
            "max": 21.1968,
            "p(90)": 0.60387
        },
        "vus": {
            "value": 1,
            "min": 1,
            "max": 10
        },
        "http_req_waiting": {
            "p(90)": 167.9971400000001,
            "p(95)": 195.38236500000002,
            "avg": 104.8609987341772,
            "min": 54.7312,
            "med": 87.30199999999999,
            "max": 509.0115
        },
        "http_req_blocked": {
            "avg": 17.56310632911392,
            "min": 0,
            "med": 0,
            "max": 525.5704,
            "p(90)": 0,
            "p(95)": 142.19199000000015
        },
        "checks": {
            "passes": 158,
            "fails": 0,
            "value": 1
        },
        "http_req_sending": {
            "avg": 0.16229493670886078,
            "min": 0,
            "med": 0,
            "max": 6.319,
            "p(90)": 0.30484000000000006,
            "p(95)": 0.6947750000000004
        },
        "http_req_duration": {
            "avg": 105.30043924050636,
            "min": 54.9392,
            "med": 87.73965,
            "max": 509.2522,
            "p(90)": 168.07876000000007,
            "p(95)": 196.225565,
            "thresholds": {
                "p(95)<500": false
            }
        },
        "http_req_tls_handshaking": {
            "med": 0,
            "max": 462.4494,
            "p(90)": 0,
            "p(95)": 91.80892999999999,
            "avg": 11.596017721518987,
            "min": 0
        },
        "http_reqs": {
            "count": 158,
            "rate": 5.167582610872578
        },
        "http_req_connecting": {
            "avg": 5.766127215189873,
            "min": 0,
            "med": 0,
            "max": 209.4798,
            "p(90)": 0,
            "p(95)": 46.004390000000086
        },
        "data_sent": {
            "count": 23760,
            "rate": 777.0997647742561
        },
        "iterations": {
            "rate": 5.167582610872578,
            "count": 158
        }
    },
    "root_group": {
        "path": "",
        "id": "d41d8cd98f00b204e9800998ecf8427e",
        "groups": {},
        "checks": {
                "homepage status is 200": {
                    "name": "homepage status is 200",
                    "path": "::homepage status is 200",
                    "id": "3a527a45ae6699aba4e24bbf6e9d3c5b",
                    "passes": 158,
                    "fails": 0
                }
            },
        "name": ""
    }
}